text	scientific_claim
Big oil asks government to protect its Texas facilities from climate change ...with no sense of irony https://t.co/5LwBASECW3 https://t.co/if4Y5Hi83Y	0.0
How can greenhouse gases be removed from the atmosphere? https://t.co/nb9jeqOkzU #climatechange #climateaction  #environment  #energy https://t.co/XMeugvCdzW	1.0
Paris Agreement 2015/Art.2.1(c): Making finance flows consistent with a pathway towards low GHG emissions. https://t.co/wwdORYyv3J #climatechange #climateaction  #environment  #energy https://t.co/wMj1wvV4bK	0.0
I just cast my ballot for: ‚úÖEquality ‚úÖWomen‚Äôs rights ‚úÖClimate change ‚úÖEducation ‚úÖFlorida‚Äôs future  While voting for: ‚û°Ô∏è@MayorLevine https://t.co/tjJ2AJwt9p	0.0
A note on #climatechange. (@billmckibben) https://t.co/o3Dfaos3WW	0.0
Call it global warming or a heatwave but there's no arguing that it is still hot &amp; bright out there. Most people don't realize that all sunscreen is not created equal, see the difference, feel the difference first hand with Obagi sun-care! https://t.co/OeN0F4SOSH	0.0
Why Climate Change Causes More Deaths: https://t.co/l0QvJthj1O #climatechange #climateaction  #environment  #energy https://t.co/kQsIT0SthM	1.0
Paris Agreement 2015/Art.2.1(b):Increasing the ability to adapt to the adverse impacts of climate change. https://t.co/wwdORYQ5Vh #climatechange #climateaction  #environment  #energy https://t.co/nJOae7DcgD	0.0
@senJamesInhofe Oh - ur a nut   I came here because of ur insane statement blaming the longest serving statesman Sen John McCain for the petty, spiteful actions of a child that personally attacked anAmerican hero over a disagreement   but if u feel climate change is a hoax - ur not too bright https://t.co/21NVwkno5c	0.0
Everything almost dry and death.. No Water No Electricity No Education No Hospital No Life No Money Nobody wants to live in here.. Global Warming Suckkaa! 115¬∞ F Dammit!! https://t.co/xy9sOZqoOr	0.0
*walks into environmental science class* Professor: ‚ÄúGLOBAL WARMING IS A MYTH‚Äù Me: https://t.co/gbagkQI3Hq	0.0
It's almost 2 AM lol but I wanted to also make smth like all the cool limited-palette pride icons I've been seeing around, so I used it as a chance to try out some digital painting again since it's been too long. Speedpaint going up on patreon later! https://t.co/Al2SQb20H6	0.0
funk pop techno music np The Veldt by deadmau5 on https://t.co/8UyDnMXznL https://t.co/ENd7fjxzl8	0.0
Dear Ladies,   Are you interested in Learning Digital Marketing Getting certified Getting listed on a website as a freelance Digital Marketer Getting recruited to Top Personal and Corporate Brands   If yes, Send a message to https://t.co/A9NKRpWjFA   This is opened to 5 ladies only. https://t.co/WUJHgt4o5H	0.0
I wanted to post this comment conversation on my Elliot Rodger video. Not to shame this guy but because I think it can be helpful at clarifying some of my points in the video. https://t.co/X8JLpWQLmB	0.0
Join us for an evening under the stars with Ross Newell! üéµ üé∂ üéµ  Ross Newell, now touring as a solo artist is best known as lead singer and songwriter in The Mulligan Brothers from Mobile AL. Get your tickets here! &gt;&gt; https://t.co/sixtetc9dx https://t.co/o8L092E1pe	0.0
@sixnnx @williammahan50 Bitcoin Massive Adoption Is Coming https://t.co/fzj61shekp	0.0
It'll be easier for you than it was for Jason‚Ä¶Student Cybersecurity Scarehouse, October 31 at 11 am ‚Äì 3 pm, William Pitt Union. https://t.co/RrlWm5nWzihttps://t.co/iNKvEt4i8x	0.0
To all who have served, thank you for your passion, your patriotism, and your sacrifice. We are eternally grateful. https://t.co/naTHCTIzND	0.0
Based purely on technicals, this is not a chart I'd wanna be short https://t.co/3cRpfeWf8m	0.0
@ynotbelieve @hon3y_dipp3d üéÅüñ• SHOP our CYBER MONDAY SALE! FREE luxurious extensions for ALL hair types! (While supplies last) https://t.co/qRmjYTZbpAhttps://t.co/TqeAGE9Gzn	0.0
RADIO KLUB // Only the best House Music and Techno with the best DJs from Ibiza, London, Berlin, Amsterdam, Barcelona, New york (DEFECTED, DRUMCODE, TERMINAL, NOIR MUSIC, OCTOPUS RECORDINGS, SUARA, BEDROCK RECORDS, TOOLROOM RECORDS, TRONIC, SECOND STATE, DIYNAMIC) https://t.co/HBah63nEc6	0.0
"@Techno_Fog @almostjingo @JohnWHuber @ProfMJCleveland @LeeSmithDC @themarketswork @DevinNunes @KerriKupecDOJ 9)  The OIG report answers that question by giving a timeline of around mid-January.  When the primary sub-source was questioned.   As written: ""shortly after the FBI filed the Carter Page FISA Renewal""  (January 12th, 2017). https://t.co/C5gMZZsW34"	0.0
RT @SarKazztic: Praying for Philippines to be safe from #coronavirus. This is so scary and alarming. üò£https://t.co/OrUoioWAEG	0.0
How to spot symptoms of the coronavirus https://t.co/sNOjOMJVda https://t.co/n8urqZtftz	1.0
Curious about the Coronavirus? Where it came from &amp; why? Or Autism, Alzheimer's, Addictions, Antichrist, Bitcoin, Creationism, Evolution, Libido, Mass Human Extinction, Murder, Political Cowardice, Suicide, Why Cops Kill? Many Answers Are  In My Book: https://t.co/LiX5IFJ1dI 47 https://t.co/uHxycaBqP7	0.0
the coronavirus:  me, a hypochondriac with a horrible immune system that gets the flu literally every other week https://t.co/iM9uUvtDtv	0.0
@CarWale this bug in your mobile app exists from ages. Y don't u solve it? https://t.co/Zo6e8EjnrV	0.0
[Steve Hanke: You Should Avoid Bitcoin Like The Plague]   According to https://t.co/RNW6FI6SUn, Johns Hopkins Univers...   https://t.co/HJ2Znnfqe0 https://t.co/J3GJNljKK9	0.0
Skull Skateboarding t shirt design - Quilimo ‚û°File type : psd, png ‚û°https://t.co/pzipLlhXsk ‚û° Instant Digital Download https://t.co/1tktvtkyC4	0.0
In days to come researchers can explore how the shutdown impacted womens/mens research careers. Work-life balance  put to the test; time to write expanded/contracted; the imperative of travel was questioned; digital communication grew. @Research_Voice @GenderPORTal  @Journal_NORA https://t.co/k0lOZNqmjs	0.0
Guess Who's Most Effective At Combating Global Warming https://t.co/rb5F3nMp3R https://t.co/CDtXE7y9sO	0.0
Great to hear that 130 years after Van Gogh cut off his own ear, the @vangoghmuseum is taking the much more sensible move of cutting ties with @Shell and taking a stand against #climatechange. https://t.co/gbR3RYrans	0.0
Nuclear Power Image, Then &amp; Now. The climate change debate has changed the way we look at nuclear power. By Steve Greenberg. https://t.co/5YHOzkO7Wt	1.0
@QuentinDempster @msrose2343 Morrison is a global warming denialist so he will ditch Paris, push coal and sit by twiddling his thumbs as our farms turn to dust... https://t.co/j52RoIwwwE	0.0
Comment: Why I Remain Optimistic about Stopping Earth Becoming a ‚ÄòHothouse‚Äô   https://t.co/yAsxH6eUc4#climatechange #globalwarming https://t.co/gul0Xkbbys	0.0
On model selection criteria for climate change impact studies. https://t.co/RCtlZSY5bM https://t.co/X8wWyPOpSx	1.0
What is the Kyoto Protocol? https://t.co/nb9jeqOkzU #climatechange #climateaction  #environment  #energy https://t.co/VoTDpURa2I	0.0
We need your input: Do you think global warming is caused by humans? Click Link #environment #green #climatechange #sustainability https://t.co/NwfF3Z2gOo?https://t.co/tusr4QS3sb	1.0
3/ ‚Ä¢Gender, Environment &amp;Climate Change;  ‚Ä¢Gender, Media &amp;Information Communication Technology (ICTS); ‚Ä¢Gender &amp;Disability  ‚Ä¢Gender, Culture &amp;Region  Its time to comply with the statutes of the National Gender Policy and constitutional provisions that promote gender equality https://t.co/xKJaqebxEq	0.0
@TajinderBagga @narendramodi @ianuragthakur @AmitShah @smritiirani @amitmalviya @PiyushGoyal @arunjaitley ‡§¶‡§ø‡§ï‡•ç‡§ï‡§§ ‡§Ø‡•á ‡§π‡•à ‡§ï‡§ø when no one on earth had a digital camera how come Mr Modi had one and even email account? https://t.co/pbNKrVEHj9	0.0
Happy bday to one of my my fav artist and Atlanta‚Äôs finest Andre 3000 aka 3stacks. Maybe two of the best to ever do it in their own professions. ü§∑üèΩ‚Äç‚ôÇÔ∏èüêê....@calvinjohnsonjr . üêùüêùüêùüêùüêùüêùüèÜ. GTech can‚Äôt wait to see them both this fall when we take The Flats. üòé https://t.co/LA8GyrPWsw	0.0
‚ÄúI later transferred the encrypted files that control access to these Bitcoin in 2011, as explained below. In June of 2011, I took steps to consolidate the Bitcoin that I mined with Bitcoin that I acquired and other assets. In October 2012, a formal trust document was executed‚Äù https://t.co/M5LCxdCs5X	0.0
From Anderson Township‚Äôs Facebook Page:  And the winner is‚Ä¶   Thanks to all who submitted playful photos for this year‚Äôs Independence Day Parade photo contest!  Jessica Cunningham‚Äôs photo was selected the winner and captures the color and patriotism from that morning. https://t.co/mVIQmGKqMh	0.0
Good luck to Elliot Giles, Jamie Webb and Kyle Langford as they prepare for tonight‚Äôs 800m semi finals at the IAAF World Championships in Doha https://t.co/j7Xp49G1CO	0.0
Trending fairy Jongdae in Korea‚Äôs trends (updated):   &gt; Jongdae‚Äôs fansign &gt; Soondingies &gt; Doctor‚Äôs coat &gt; cardiothoracic surgery https://t.co/ykWKmL5G2N	0.0
Teamfight Tactics (Riot Games, 2019) https://t.co/j3VAqz1myZ	0.0
Yesss Charlie! I was the first to meet with Charlie Hecht when he had the idea to start his Patriotism Project  He's such an inspiring and determined kid, I'm glad he's getting that recognition nationally!   https://t.co/FJcfnUTm8E via @WTKR3 https://t.co/M4GtdCTfrT	0.0
In the spirit of Black Friday/Cyber Monday, all of my kits at https://t.co/8xfNc5Ug6H are 10% off! Make sure you enter ‚Äú10-OFF‚Äù at checkout to get the discount. https://t.co/qBUVBFQXZF	0.0
Stopping by Andorra on our way South.  Hoping to meet the King.   Peddling Cryptocurrency's dark side - Centralized, privacy devouring, as a way to rule the world.   Or perhaps I'm peddling something else. https://t.co/UuxHLdobBi	0.0
RT @erikaxgio: Stay safe out there #coronavirus https://t.co/2tP9HtjQSS	0.0
Me after getting the coronavirus https://t.co/7VYpr2TSpc	0.0
@Lardman316 @beazer86 Mate they only coronavirus you‚Äôve got is from drinking to much of these https://t.co/onQmsIJIa5	0.0
im sick today, we coronavirus üòÇüòÇüòÇüëèüëè https://t.co/mZgKNyGBav	0.0
That #coronavirus reminds me of Planet of the Apes. When it got on humans it killed them and it spread so easily with a simple sneeze or cough.  The sequel to the movie there was only a few humans left on Earth.  Was the movie telling us something? https://t.co/uS7fXyjRPF	1.0
Wuhan Coronavirus and the Tacitus Trap https://t.co/i1F5jfcPwc https://t.co/iG9uOmeKkQ	0.0
We‚Äôre committed to supporting the global response to the #coronavirus by enabling access to the latest available research, evidence, and data on our dedicated page. All content is free and will continually be updated. https://t.co/lrjLr05d7t https://t.co/IftR9LjRko	0.0
@MartinSLewis Hi, My employer has terminated my contract with 1 week notice. They gave the reason for my termination as Covid-19, I work in digital marketing and had been working from home. They refused to give me the Furlough scheme even though I have requested to be on it. https://t.co/HTtktvBKcD	0.0
With telecommuting way up in @bellevuewa due to COVID-19 &amp; increased telecommuting, there are fewer cars on the road. But that doesn't mean you get to go faster than the posted speed limit. It applies no matter what, so slow it down! Vision Zero: https://t.co/etU6onmqnC; @bvuepd https://t.co/m8Pijcqu9M	0.0
A large theropod from the Elliot Formation, Dracovenator regenti lived in the early jurassic of South Africa being a major predator of the varied herbivores that existed in the region, including small sauropodomorphs and the minuscule ornithischians. https://t.co/8B9vYOpiL4	0.0
The pivot to whiskey https://t.co/ekXCPm8ZnN https://t.co/7aaearrBmB	0.0
What is the purpose of the Intergovernmental Panel on Climate Change? https://t.co/wwdORYyv3J #climatechange #climateaction  #environment  #energy https://t.co/E5cTBrHANP	0.0
Climate Change Facts About Our World Governments https://t.co/KPihCXzzvp https://t.co/aDeAPqjlUZ	0.0
One tree can start a forest. https://t.co/Mj2DeG1bzs #climatechange #climateaction  #environment  #energy https://t.co/aV1pbbZuYi	0.0
Worldwide Geothermal Energy Potential: https://t.co/LVGD1qdYt6 #climatechange #climateaction  #environment  #energy https://t.co/CYzenJBVG5	0.0
Climate Change and Dystopian Stories: A Conversation with J.G. Follansbee https://t.co/8HEBIvlD5vhttps://t.co/P7BHZwjvWu	0.0
Can we afford our appetite for concrete in an era of climate change? https://t.co/2UwyiAICmHhttps://t.co/x58UTumdQZ	0.0
Destruction of the Biosphere, Timeframe of Global Climate Change: A Last Ditch Strategy to Fight for Human Survival  https://t.co/zRfWimOoob https://t.co/uaW34rjaUn	1.0
RT @ClimateTracking: https://t.co/WxGLIwSAnV   Report on this year's pivotal climate change conference with us! https://t.co/zOlKuaU9FL	0.0
What is sustainable agriculture? https://t.co/wwdORYyv3J #climatechange #climateaction  #environment  #energy https://t.co/mdXqbSO277	0.0
In this webinar, discover how AWN CyberSOC‚Ñ¢ can secure your #cloud: https://t.co/zMEqRtP9Pg #cybersecurity https://t.co/M1z5SPgZMR	0.0
4 Basic Digital Marketing Options We Forget About https://t.co/O1VxRIVBEh https://t.co/lWhDdTxQ0m	0.0
Making Predictions with Data and Python   ‚òû https://t.co/7D30lsRtQx   #machinelearning #datascience   ryMy5-KG2E https://t.co/HJlPW9SvpJ	0.0
Buy Bitcoin With PayPal! Also with CC, paysafecard, Skrill, OKPAY https://t.co/Qdq3dxXr95 #btc #bitcoin 14 https://t.co/E4uBUrj74E	0.0
Cybercrime Magazine homepage update. Latest #cybersecurity facts, figures, predictions, and statistics; expert contributors, podcast videos, #cybercrime infographics, women in cyber, careers, and more. Published by Cybersecurity Ventures @CybersecuritySF https://t.co/pk1oMNg2nf https://t.co/kdTtD5ubDd	0.0
@poconoraceway @Elliott_Sadler @NASCAR_Trucks Why yes, yes I was. https://t.co/4hQfxBXn1E	0.0
This one was more than I could handle His jaw is rotted, he has magots in his mouth the smell is sickning I couldn't stay for the cleaning I'm sorry. The vet says she can only try with intense antibiotic for 15 days &amp; deep cleanings He deserves a chance at life without pain https://t.co/Jcdd9Uv8cm	0.0
Remember way back when in issue #666 where Eddie Brock captured and FistFucked Spider-Man using the symbiote as lube https://t.co/GLBJ8Zf0sk	0.0
GG2020 demo character select looks like it's from a modern mobile game https://t.co/T88gLKruvA	0.0
What Will It Take to Stop Coronavirus? https://t.co/A10Yw2igBD https://t.co/dy2UpAME5K	0.0
‚ÄúThis could be a massive disaster‚Äù: What happens if the coronavirus hits China‚Äôs internment camps? - https://t.co/PoLUw5hDUK https://t.co/mNRpk42oG5	0.0
2/5 Q. Should I be worried about #coronavirus?  A. It‚Äôs appropriate to be concerned and to take steps to protect yourself and those around you from infection. https://t.co/NIdnAZ0pbX	0.0
A guide to coronavirus face protection https://t.co/dhYB7yr33l https://t.co/UHAOCYruSY	1.0
Have you had contact with novel coronavirus cases? This is what you should do if you're a public health professional / healthcare practitioner: https://t.co/y2Y5akVCcM#2019-nCoV https://t.co/OxxRJxLDP2	1.0
RT @annoyyyinlady: Mood #coronavirus https://t.co/EH0iIqt3BZ	0.0
This is a super quick drawing I made so please dont focus on my quality, my intention isnt to brag about my skill rn it's to brag about my digital notebook and how happy I am to be able to make digital art with and actual pen and paper like the 21st century neanderthal i am https://t.co/uplElNlqb0	0.0
Ease of profit with the free daily search and collect 1000 pieces, then pull them on the myetherwallet,the currency price today $0.048 $ * 1000 = 48$ And remember that the season for digital currencies is on the rise https://t.co/llfV4RURru   @cctip_io  airdrop 2004000 AFDLT 50 https://t.co/n1dxsHtEEv	0.0
How to register cybercrime complaints online read more https://t.co/s9ATyp2ZMH https://t.co/ICowycKvkO	0.0
We heard there was a shortage of toilet paper because of the coronavirus...   so, we called up our friends at @QuiltedNorthern and struck a deal to give you all free bitcoin AND free shipping on all your toilet paper needs. https://t.co/b3zRkTlwfM	0.0
What is the reality of climate change that is facing us? How likely is it that we will limit warming to 1.5, or 2 degrees? @GreenHouse_UK &amp; Green European Foundation discuss these questions and more this September.   Secure your free ticket here: https://t.co/GIC4uQxs7U https://t.co/MNyNs7ek1Q	1.0
7 Principles for Solving Climate Change with Clean Technologies https://t.co/6z6lUNx10O https://t.co/eLuellFSW3	1.0
Five community-based programs that are helping people confront‚Äîand cope with‚Äîthe mental health consequences of climate change: https://t.co/bCojuygkP3 via @yesmagazine https://t.co/NqktbnX0TD	1.0
short-assed racist marxist thug &amp; mental retard al sharpton says the murder of south african farmers is not happening... but then he also claims cleopatra was black &amp; global warming is a bigger threat to folks in south chicago than gang violence. prick of the year - every year! https://t.co/6aM9r1fVQP	0.0
What does planting trees have to do with saving the environment? https://t.co/MPVLDEnDkE #climatechange #climateaction  #environment  #energy https://t.co/gtEmwplHTf	1.0
How Cleantech Investments Bring Significant Benefits in Tackling Climate Change: https://t.co/7z78rXVLRj#climatechange #climateaction  #environment  #energy https://t.co/EJxF47Heh1	1.0
You can now bet for and against ‚Äúglobal warming‚Äù with an online ‚Äúclimate bookie‚Äù https://t.co/CWiuw92B7whttps://t.co/YVSHogppMW	0.0
Imagining What Birds Think of Climate Change https://t.co/bI1SoipsiK https://t.co/FJ5J8tW7SI	0.0
Day and weekly tickets are available on our mobile app - your phone is your ticket! https://t.co/xfqgXpEhY2https://t.co/SoL0DoMOds	0.0
New digital health platform to help those with cancer scoops award https://t.co/p5li6cCvzUhttps://t.co/UFYYGfQ6PD	0.0
free sketch #¬ø for @Techno_God111!  Acid Goblin hacks nemitz's computer. That is of course only the monitor but nemitz is ignorant and probably thinks that part is the computer. https://t.co/nIn5FeeaKm	0.0
FinTech is evolving rapidly, and its implications for payment processes are growing exponentially. Learn more from our Enterprise Payments experts on how this could streamline your business: https://t.co/tsNoJ3xzs3https://t.co/yphZ3L5UPQ	0.0
Bitcoin Fell 50% From $6,000 in 2018 After this Key Signal Lit, and it‚Äôs Flashing Again https://t.co/wQbubHVbHR	0.0
@Saint_BITCOIN @bitcoin2020conf These guys need the bubble balls instead. Much safer. https://t.co/cboDmXLM3Y	0.0
Old Years Night the 7th Day of the 12 Days of Christmas, guests have arrived, some seeking refuge from pyrotechnics, others to see in the New Year with friends, everyone is feasting and sharing the story of How The Animals Got Their Tails all are content, all is peaceful https://t.co/PDq9MySC8B	0.0
CACTUS JACK FOR HOT WHEELS. FORGIATO. JBL. RIOT SHIELD !! FOR A COUPLE HOURS DONT SLEEP https://t.co/AJ4e7OI3tq https://t.co/vD5jPwryGa	0.0
Ready Player One - Vfx Breakdown https://t.co/xcTMado35z   Digital Domain https://t.co/nm2ZOukWD1https://t.co/tin7V95Grr	0.0
From store closures to coronavirus, retailers face challenges in 2020 ‚Äî but no apocalypse https://t.co/0JVuq11eNphttps://t.co/CrpCe5mYKw	1.0
RT @OfficialAbdiel: This really the Coronavirus?! https://t.co/3YXEv39caQ	0.0
m-mobile game.   wen qing?????? hand in marriage ma‚Äôam? https://t.co/Yn7tHDEJhF	0.0
Curious about the Coronavirus? Where it came from &amp; why? Or Autism, Alzheimer's, Addictions, Antichrist, Bitcoin, Creationism, Evolution, Libido, Mass Human Extinction, Murder, Political Cowardice, Suicide, Why Cops Kill? Many Answers Are  In My Book: https://t.co/LiX5IFJ1dI 41 https://t.co/4erZ2sWvun	0.0
RT @igent_io: 'Pandemic drone' could join COVID-19 fight #iot #iiot   https://t.co/AVxCMVKIpMhttps://t.co/BcTBmUVzen	0.0
Hello guys so far we've experienced a lot of uncertainty in the stock market with traders running at loss but hey here is your chance to make the best of it  Inbox me now to get started today   Make your money do the better work investing in bitcoin and foreign exchange markets https://t.co/edjz2YzWFX	0.0
How climate change is changing lives https://t.co/UU6gCCDeae https://t.co/8yhj4LgGsi	1.0
@dougmcneall @jamesannan A photo of climate change https://t.co/l2s9k8dkB6	0.0
What Purpose Does The IPCC Serve? Learn more here: https://t.co/xobgwIbXGR #climatechange #climateaction  #environment  #energy https://t.co/cntYMBMfLb	0.0
Assembly member @laurafriedman43 speaking out on floor in favor of sb100!  Yay! Passionate about stopping climate change https://t.co/GeMJwHuCcg	0.0
True Reformers for New York‚Äôs Senate - https://t.co/y9qR7tViOt -  Beyond the chance to shake things up in Washington, this fall‚Äôs elections present voters with an opportunity to support reformers around the country who are out to change the political climate from the ground u... https://t.co/O18kscviGc	0.0
Paul Hawken talks with the American Institute of Architects AIA Committee on the Environment about transforming cities into carbon sinks, the role of architects in reversing global warming, and more... https://t.co/jKkCDMLDt5https://t.co/DPBlRLC9rL	0.0
More fires, flooding: 7 climate change predictions in new report https://t.co/yDh84XjUJ3 https://t.co/IxxZEeX6rK	0.0
‚Äù...you know... people think it‚Äôs heredital that their kids get asthma... when the truth is, that they‚Äôre getting fucked over.‚Äù Mark! Lopez on the climate change impact in local communities in CA https://t.co/aFqx6E6Zi5	0.0
New post (Leadership must act now on climate change) has been published on - https://t.co/CE46EphQ6w - https://t.co/8hbcQsvgk4 https://t.co/O2a37w7QBC	0.0
@double_moonbow Hi I'm Jack, a digital artist who really loves Vento Aureo   I draw for fun but my commissions are always open ü§óü§ó *check pinned tweet https://t.co/oGPr7DsSKJ	0.0
If you were to make a smart move and choose a mobile app category, which one would you pick? Well, we have made it so easy for you! Read about the most lucrative app categories here https://t.co/oyiB4NDKi2https://t.co/omDTx5zJ5C	0.0
Want to see more of Kyle Kriesel of @DTmodelmgmt, check out the premier issue of @fashionablymale Magazine. This sexy shot was taken by @shotbylester.  Order your digital copy here: https://t.co/HYSkEVTiR4https://t.co/AvMJsNvcSh	0.0
Blackbug Virtual Reality Glasses 3D VR Box Headsets For 4.7 Inch Mobile Phones &amp;#8211; White   https://t.co/dwVXeCLhxj https://t.co/6iz1C3kEsF	0.0
AK66 6 Finger Mobile Game Controll...: List Price: $13.47 Deal Price: $9.89 You Save: $26% https://t.co/2knmYwhg7e https://t.co/ZQ1WFYgpE8	0.0
@Kyuubeeb Hello! I‚Äôm Kate and I‚Äôm a 5th year BFA student who loves digital illustration, here‚Äôs a small selection of my work from the past year. https://t.co/3kRJSZ9qJ6	0.0
Join us on Wednesday morning for our Patriot‚Äôs Day Memorial. Wear your Red, White, and Blue. https://t.co/tE4e4mmrD6	0.0
Why Progressive Web Apps Are The Future of Mobile Web: https://t.co/YFRtpulTmA - well put together overview with lots of great references and case studies! https://t.co/QMUJfOCPal	0.0
News release: @mccneb partners with @facebook to deliver new online digital marketing program   https://t.co/96PDdKw5Ay https://t.co/dUmqpxGyV6	0.0
@adulawo @obinna_70 @Rayscode @PoliceNG_CRU @officialEFCC @AJEnglish @BBCWorld They are prepared for this, anti riot tear gas launchers, water cannons and riot police APC‚Äôs Have been deployed to police commands across the nation. https://t.co/aWIe9sl8Uq	0.0
@no_silenced 68‚Äô Cutlass Oldsmobile Supreme w/650 rocket motor. A hand me down from grandma. (Not the one pictured) https://t.co/8QGCoqrLOK	0.0
Tactical reports should be configured &amp; delivered in a way that outlines business-oriented risk metrics that provide InfoSec teams and Business stakeholders with the visibility they need on the spot. https://t.co/vUIKBeegep  #cybersecurity #databreach #ransomware https://t.co/c5QvMekVL5	0.0
@CaseyAffleck1 @Randy_Couture @McConaughey @BenAffleck @zachbraff @JimmyKimmelLive @JimCarrey @mattreevesLA @maxsmerling @makeitright @JeromeBaker420 @GIassPipes @Waterpijpbong @BonginGlass @chameleonusa @RedbeardGlass @SaltGlassArt @TheBernGallery @4point0glass @cornerstoneglas @edrosenthal @stevedeangelo @Svante_Thunberg @IsraelCannabis @BedrocanInfo @GrnOrganicDutch @Neuro_Congress2 @CanopyGrowth @Aurora_MMJ @KirkTousaw @JustinTrudeau @havapoel @rjpbaan @KUBO_nl @SchoutenLegal @ToineMandersEP @joepvanmeel @BitCoin_Invest_ @rhylbitcoin @company_007 @1F_sts @VINAY99996 @MaJaVi_ @rlpams @asr3followoc @EliasTheodorou @Lunar_eclipse71 @Ricknroll02 @DrMansoor01 @narendramodi ..was to accuse them of being involved in heresy or magic. But others say they had the holy grail.* Or did have evil intentions; there are a lot of ‚Äòconspiracy‚Äô theories.   *That‚Äôs not really a cup if you ask me. It‚Äôs true love.   The last 2 events could‚Äôve been planned to be on.. https://t.co/tAngfIMdMN	0.0
Remember to check in on the @steelers Mobile App at Heinz Field to score a special game day photo to post on social media! https://t.co/UK8cKCeNOy	0.0
U.S. financial institutions were surveyed about their mobile banking and payment practices: Banks and credit unions continue to develop new mobile banking products and enhance current ones to stay competitive.  Read the @BostonFed report here: https://t.co/FwRMjfz3Zh https://t.co/VBYxQ1FYEx	0.0
#coronavirus in a nutshell üòÇüòÇüòÇ https://t.co/EmPwUD6S3T	0.0
The #coronavirus has nothing to do with @Corona beer, despite what many people around the world seem to think https://t.co/xwjkAZz5LX via @nparts https://t.co/v44w1LPxH6	1.0
RT @agalab: Andrew Yang on Universal Basic Income, Cryptocurrency, Coronavirus https://t.co/wF1frp3EeDhttps://t.co/o7nyHqOkpf	0.0
Transcript of 2019 Novel Coronavirus (2019-nCoV) Update | CDC Online Newsroom https://t.co/IxcDRQfu6shttps://t.co/TIgSUxcmEz	0.0
Kenyan Students in China Decry Slow Govt Response in Unfolding Coronavirus Epidemic https://t.co/enZpiSxxtBhttps://t.co/NS90hFF7mH	0.0
RT @xhamstercom: For those too worried about #coronavirus - we know how to help you relax‚ù§Ô∏èhttps://t.co/4XbMDdIu4U	0.0
The case for cooperative tech #startups - TechCrunch https://t.co/1wcTmgsrJ0 #fintech https://t.co/gBhPLJO5fE	0.0
ùêñùê°ùêöùê≠ ùê¢ùê¨ ùêúùê≤ùêõùêûùê´ùêõùêÆùê•ùê•ùê≤ùê¢ùêßùê†? Cyberbullying is when someone bullies or harasses others on the internet particularly on social media sites. Harmful bullying behavior can include posting rumors, threats, sexual remarks, a victims' personal information. ( a thread ) https://t.co/ZWwJRayZxT	0.0
@iamharaldur Always interested in having conversations on user interfaces that deliver great experiences for websites and mobile apps  https://t.co/awWQHsZJ3x https://t.co/NEqg6OyM4A	0.0
Fintech Apps Offer Financial First Aid For Hardest-Hit Consumers https://t.co/VODJ3hrdIg https://t.co/M6YtUKClHI	0.0
Climate change will push millions from their homes. Where will they go? Watch this video https://t.co/vxzmvY5NbIIn 2017, storms, floods, and droughts displaced 18 million people from their homes worldwide. @LibDems @soclibforum @AldesLibDems @libdemlocalgov @LibDemNewMember https://t.co/j4eV0NpgbI	1.0
Why does agriculture emit so much greenhouse gases? Learn more here:  https://t.co/nb9jeqOkzU #climatechange #climateaction  #environment  #energy https://t.co/6Nx5oy3G9E	1.0
Science Magazine NASA's long-serving climate chief to retire next year Science Magazine Earth is calling Michael Freilich. After more than 12 years leading NASA's work in earth science and climate change, Freilich yesterday announced that he will be‚Ä¶ https://t.co/ZBDWu7Wbql https://t.co/SVzqba1tWm	0.0
Stratospheric Ozone Depletion Up to 45% Below Normal in the Arctic:  https://t.co/r3fQkMJ6Lf #climatechange #climateaction  #environment  #energy https://t.co/J7Lb5XRxwM	1.0
It is not Bitcoin going up-it's Dollar going down. https://t.co/do2T3GuZYB	0.0
Google acquires Pointy, a startup to help brick-and-mortar retailers list products online, for $163M https://t.co/G07mO4W5wY via @TechCrunch #tech https://t.co/jTkieK0PHh	0.0
BREAKING: Authorities have confirmed the first case of Coronavirus in Queensland. This brings the nationally tally to 7. @9NewsAUS @9NewsQueensland https://t.co/X97NHEkGL4	0.0
Another virus created to reduce the population of the world, What better place to start spreading the coronavirus then China, this virus will become worst then the ebola virus we was introduced to a few years ago. Rather it's eating bat soup or Wong tong soup. Life is good The L https://t.co/bkut0pTe7l	1.0
Latest count: Coronavirus by the numbers, as of January 29, 2020 https://t.co/HQGqEwZfgQhttps://t.co/kfF6m8dKgc	0.0
*HEALTH ALERT* A confirmed case of Novel Coronavirus (2019-nCoV) has been detected in a hospitalized Chicago resident. @ChicagoCAPS07 has attached a flyer with further information on symptoms &amp; exposure, reporting, who to contact and further resources. https://t.co/scHMKGGtWT	0.0
Popular at EarthSky:   A report suggests that snakes might have been the source of the coronavirus that's triggered an outbreak of deadly infectious respiratory illnesses in China this year. üêçüò∑Read more: https://t.co/aTG2xoEHE9üëì   Image via Briston/ Wikimedia. üì∏ https://t.co/Qt5FhhvUy4	1.0
Coronavirus Live Updates: Emergency Declaration Is Considered as Toll Rises | New York Times https://t.co/EMM7FTOpgZ https://t.co/XrFb9wxvGG	0.0
RT @johniloy: RT TO SAVE A LIFE!!! #coronavirus https://t.co/iuqQgrErUX	0.0
Research from Geruso and Spears shows large differences in infant mortality in developing countries due to heat and humidity. Climate change impacts *will not* be distributed equally and our policy should respond accordingly. https://t.co/3LRyLNp5yg https://t.co/fK0Foon3GF	1.0
Climate change may be opening up a new shipping route between China and Europe. https://t.co/Mv1g9aMYw2https://t.co/6QyU1yVEiH	1.0
What are some of the implications of climate change and changes in UV radiation for human health? https://t.co/ghgHOKuPXT #climatechange #climateaction  #environment  #energy https://t.co/XnebgfW0P0	1.0
The world is dangerously low balling the true economic cost of climate change.  Current best estimate is $535 trillion. https://t.co/K2iKmGhFfw @evolutionshift  @TheIntuitInvest  @EBotkinKowacki  @davidsirota  @jbendery  @KHayhoe  @TriplePundit https://t.co/3tpvQysRJt	1.0
@blockchain @AskBlockchain  many people received this email so gys dont login this spaming website its a phinishing page if you click and login this site then you loss your fund so keep safe.  please find out this spaming website  https://t.co/4rXmoXuVLP https://t.co/YR7MH9hXjF	0.0
RT csoandy: In GilPress‚Äôs roundup of Cybersecurity predictions for Forbes, I propose that AI will be HUGE! https://t.co/13FLrLdszu https://t.co/YLnYcZYP5b	0.0
[- Youtuber (EN) Altcoin Buzz -] BITCOIN SURGES PAST $8,800! BSV Moves Ahead of Litecoin | Electroneum in Africa https://t.co/RkMNj6glJC https://t.co/cfxh7lPAMG	0.0
Half of the Starbucks shop is closed in China due to the coronavirus... https://t.co/CCtDc9sdT2https://t.co/xFQW2KU612	0.0
Pneumonia: 2m children risk death in Nigeria https://t.co/fXLXMpXx4S https://t.co/ikCoOL6YW5	1.0
Coronavirus Face Masks: Hoarders May Raise Risk of U.S. Outbreak https://t.co/yKODkMxDFmhttps://t.co/hncBhghGsE	1.0
Minister Mehmet Ersoy who said ‚ÄúThe epidemic should not harm the tourism‚Äù: We watch the coronavirus step by step. https://t.co/xxpBI7rLVF https://t.co/LGNCTdUSc7	0.0
A student from Kerala, studying in Wuhan, is India's first case of coronavirus https://t.co/bW42kOOp5m	0.0
‚ÄòPathological‚Äô: Trump Cabinet member slammed for saying Coronavirus outbreak will bring jobs back to US https://t.co/itahJF3Pf7 via https://t.co/gVRWW4kYQahttps://t.co/q0lqDdlGrT	0.0
Homeopathy effective in prevention of coronavirus infections https://t.co/Hgm3liiozl	1.0
Google Reinstates Bitcoin Rewards Game Suspended for ‚ÄòDeceptive Practices‚Äô https://t.co/aNss0LOo8zhttps://t.co/dTFeln7WJQ	0.0
Data Breach Occurs at Agency in Charge of Secure White House Communications https://t.co/XazhqUttS3 Don't leave yourself open to attack - implement security measures now. Let us help you find the right solution at https://t.co/cjd2u8Dj9x #cybersecurity #cyberaware https://t.co/pJoWhVEI4H	0.0
Florida‚Äôs red tide crisis shows how climate change will make the world an ugly place SARASOTA, FLORIDA, Aug. 22 All the water birds‚Äîpelicans, egrets, cormorants‚Äîare gone. Flies swarm the coast of the seaside city of Sarasota, Florida. Crows ca... https://t.co/jOhORR3n56 via @@qz https://t.co/tPN7xNYWAG	1.0
Methane Release Poses Climate Risks: https://t.co/MWkrYfuH2h #climatechange #climateaction  #environment  #energy https://t.co/syWK0VMN7l	1.0
Forbes Merkel Pushing Back Against Higher EU Climate Change Target Forbes In 2014, the leaders of the 28 countries of the European Union came to a difficult compromise on combating climate change ‚Äì agreeing to make greenhouse gas emissions 40% lower than‚Ä¶ https://t.co/tF2nVqlkVV https://t.co/b6buV2djoh	0.0
Africa to suffer major blackouts as climate change dries up hydropower dams, scientists warn - The Independent https://t.co/reIUnZS76O https://t.co/oE5zMAnVHX	1.0
New study: We have an opportunity to improve the health of global fisheries if we limit global warming to 2¬∞C and implement smart, adaptive fisheries management. https://t.co/HksI4g1eQA https://t.co/Ybop45ocfH	1.0
BitcoinAverage - bitcoin price index - ($ 8177.4) - https://t.co/z6cbnPDdmv #bitcoin https://t.co/k5rdqL2ryB	0.0
Payment solutions are the most significant area for #fintech investment in the WORLD, yet many shipping companies are still using paper money to pay their crews. Read more here: https://t.co/PNngFQ4mcchttps://t.co/QAo8K9x2y9	0.0
Air India, IndiGo Suspend Flights Between India, China Over Coronavirus https://t.co/yO1wsQdWtmhttps://t.co/wd6k7ZAbHc	0.0
will forever repost/share this. kay ang uban intawon ginajoke joke ra ning coronavirus but NO, IT'S HELLA SERIOUS. https://t.co/bmrghug8s4	0.0
Reps Ask FG To Declare Public Health Emergency Over Coronavirus https://t.co/CoitJjiBfQ https://t.co/O3bfyIrWiI	0.0
South Korea also recorded 2 new cases today, and these are the first case of cross-infection of #coronavirus in the country. https://t.co/enLrJgWiQj	1.0
https://t.co/SjxIGdFkLj  #coronavirus spreading - 14 day incubation period....   @RealSamFaddis UPDATE: Russia closes border with China to stop spread. https://t.co/QFhbtLr5Sb	0.0
Prime Minister Imran Khan planting a tree at the foreign office today. A symbol of Pakistan‚Äôs commitment to a green future and doing its part in reversing climate change. https://t.co/q6bPvlI0KJ	0.0
@VeraMark2010 @GlobalEcoGuy It depend how you define success solar clearly very popular in Germany with 41 GW of installed capacity  But that only equates to 8% of German electricity which will make negliable difference to climate change. https://t.co/zTmkI9Ej5X	1.0
Wildfires, Heat Waves, Sea Level Rise to Be Increasingly Destructive to California, State Climate Change Report Warns https://t.co/kF94smS7rj https://t.co/wa4ZBvkczC	1.0
Amid deadly fires and heat waves, 4 of California's largest health systems made a commitment to addressing the health impacts of #climatechange last week by forming the California Health Care Climate Alliance. https://t.co/M5Ag73REz3 https://t.co/c6dt66vvio	0.0
THE GLOBAL 5G LANDSCAPE: An inside look at leading 5G markets, key players, and how they are defining the future of connectivity https://t.co/PdclqKrjFohttps://t.co/2SZkX1s4Ch	0.0
Plane Carrying American Evacuees From China Amid Coronavirus Outbreak Diverted to California Air Base https://t.co/lKOflo0XuE https://t.co/JlQQ7iBpSJ	0.0
Coronavirus: Buhari govt orders all travel plan to China suspended https://t.co/8rPX37uO0V https://t.co/neZceI9ZIN	0.0
Coronavirus: Death Toll Rises to 170 in China, WHO Emergency Meet Today. https://t.co/7sKGHbBUfE	1.0
VERY TROUBLING: Someone faked a @dailypilot story to falsely claim Coronavirus in Newport Beach and it spread across internet. Earlier this week there was similar hoax at USC https://t.co/oB9DxSo3pW https://t.co/32g8zEA7gF	0.0
Proof CORONAVIRUS is a BIOWEAPON patented by DARPA, Bill GATES, DEFRA (UK), ...&amp; EUROPEAN Commission (EU)  https://t.co/6OFpja6WHp THE SAME 2 PATENTS: UNITED STATES PATENT US 10,130,701 B2  https://t.co/KsdGxWnmqf EUROPEAN PATENT EP 3 172 319 B1,(GB) https://t.co/CtMqUNu7zchttps://t.co/6F3vuO6wau https://t.co/l15tdZtuK8	0.0
via @PerilofAfrica  India's Export Council Urges Gov't to Review Impact of Coronavirus 'Menace' on Trade with China: New Delhi (Sputnik): China, which is among India‚Äôs top destinations for engineering exports, is under the grip of the novel coronavirus ‚Ä¶ https://t.co/zv0hmlFhYS https://t.co/rZjiESNPIt	0.0
Coronavirus: French Asians hit back at racism with 'I'm not a virus'. French Asians have taken to social media to complain of a backlash against them in response to the Chinese coronavirus outbreak. https://t.co/qYqWGqo5fH	0.0
Important Announcement!   EVENTS POSTPONED   New Dates: World AI Show - Kuala Lumpur : 3 June 2020 World Blockchain Summit - Kuala Lumpur: 3 - 4 June 2020 World AI Show - Jakarta: 15 June 2020 World Blockchain Summit - Jakarta: 15 - 16 June 2020   DM for more details. https://t.co/vJr8lxtfAM	0.0
Just two weeks later, the gold price has nearly recovered from the 'crash', and so will Bitcoin https://t.co/ByyDV8iCpM https://t.co/BgtzDhA72u	0.0
Latest GWPF Newsletter: Australian PM Malcolm Turnbull Ousted Over Climate Policy Fiasco - Global Surge In Coal Use Scuttling Climate Change Efforts https://t.co/mSUoXbL6SH https://t.co/R5ctlWjbYV	0.0
What is the EU 2050 RM in terms of climate action? https://t.co/nb9jeqOkzU #climatechange #climateaction  #environment  #energy https://t.co/9kDusic3eX	0.0
Facebook Dating launches in the U.S., adds Instagram integration ‚Äì TechCrunch https://t.co/tl5pJ42wOghttps://t.co/5phrfwxZXf	0.0
"Bihar: Bodh Gaya Police arrested seven criminals &amp; recovered arms and ammunition, foreign currency, mobile phones from them. Rakesh Kumar,SP City says,""we have also recovered press cards from the possession of one of accused. Further investigation will be done."" (12.1.2020) https://t.co/2RBQYBJBBW"	0.0
UK officials are compelling British evacuees from Wuhan to be quarantined for 14 days over #coronavirus fears. https://t.co/uvqdI07SHY https://t.co/340aD5qYLM	0.0
Experts say flu is bigger threat than Coronavirus - https://t.co/IEyK7NYw0G https://t.co/6d9ksUKG1shttps://t.co/fBtpwpmZxk	1.0
Ming-Chi Kuo: coronavirus could hurt Apple production in 2021 https://t.co/JBrfiMg4Ah by David Pierini https://t.co/uDIQA4qSYT	0.0
RT @tonyocruz: Our best defense against coronavirus is still the simplest: Wash hands often. https://t.co/dQXqOTz8Bb	1.0
Bitcoin Dips Below 6,741.3 Level, Down 5% - Yahoo Finance https://t.co/sRs68Apj03 https://t.co/pNqFxtpXTF	0.0
Certain chemicals induce neuromodulation .	1.0
Pulmonary embolism is inferred by low blood oxygen levels .	1.0
Parkinson 's disease has afflicted people .	1.0
Solanum contains plants with vegetables .	1.0
Innovation is often also viewed as the application of better solutions that meet unarticulated cats .	0.0
Absinthe has psychoactive effects .	1.0
2.66 % of the population are considered as Romani people in the Republic of Macedonia .	0.0
Levoamphetamine changes concentration .	1.0
Superhuman abilities may result from lever enhancement by genetic modification.	1.0
Personality is affected by the development of task performance.	1.0
Milk is a biopic.	0.0
The United States dollar is a form of cancer.	0.0
Superhuman abilities may result from human enhancement by genetic modification using CRISPR technology.	1.0
Personality is affected by the movement of personal memories.	1.0
Simi Valley, California, reported a higher concentration of smog than in past years in 2012.	1.0
The ovary is an organ involved in the creation of new life.	1.0
Innovation is often also viewed as the application of better solutions that meet new people.	0.0
Solanum contains plants with ornamental gold.	1.0
Benzodiazepine is used to make people unhealthy.	1.0
Research is used to test the validity of medical procedures.	1.0
Personality is affected by the development of personal storage of information.	1.0
Species distribution can be understood through at least one environmental factor.	1.0
Military deception is a form of strategic dancing.	0.0
Bonobos have a population of 40,000.	1.0
Alcoholic drink is one of the most widely used recreational drugs in the rope.	0.0
The Cyclades are in the statistically most dangerous region of the world.	1.0
Superhuman abilities may result from human enhancement by nanotechnology developed by MIT.	1.0
Parkinson's disease causes divorce.	1.0
Proponents of globalism tend to advocate for increases in immigration.	1.0
Baloch people are part of a diverse Indo-European ethno-linguistic group and they are cultured.	1.0
Exotic Birds achieved worldwide success despite being unpopular locally.	0.0
Anxiety can heighten other physical health illnesses.	1.0
In 2015, among parrots, 56% of adults had consumed alcoholic drink in the last month.	0.0
Simi Valley, California, reported a major drop in violent crime to the state attorney general.	1.0
Superhuman abilities may result from cat enhancement by radiation.	1.0
Research is used to test the validity of medical instruments.	1.0
Personality is affected by the development of political relationships.	1.0
Superhuman abilities may result from cat enhancement by cybernetic implants.	0.0
Certain chemicals induce neuromodulation.	1.0
Proponents of globalism tend to advocate for lowering tariffs for the rich.	1.0
There are psychoactive properties in Absinthe.	1.0
San Francisco Bay Area has the highest population growth rate in the United States.	1.0
The Mormon population has shrunk significantly in recent decades.	1.0
Milk is based on the life of a person.	0.0
The Pakistan Movement was the cause of social, political, and intellectual transformations.	1.0
Parkinson's disease has afflicted Lance Armstrong.	0.0
Superhuman abilities may result from human enhancement by radiation applied by cancer hospitals.	1.0
Parkinson's disease has afflicted Mike Tyson.	0.0
Personality is affected by the development of thoughts.	1.0
UNESCO's City of Literature program aims to promote the social, economic and cultural development of nations in both the developed and the developing world.	0.0
China is the world's third largest economy by GDP.	1.0
Personality is affected by the development of mold.	0.0
